{"cameraMode":{"drawMode":0,"name":"Shaded","section":"Shading Mode"},"sceneLighting":false,"audioPlay":false,"sceneViewState":{"showFog":true,"showMaterialUpdate":true,"showSkybox":false,"showFlares":true,"showImageEffects":true,"showParticleSystems":true},"in2DMode":false,"pivot":{"x":-6.800600051879883,"y":0.9649999737739563,"z":1.5448999404907227},"rotation":{"x":-0.6566461324691773,"y":-0.006787493824958801,"z":0.005909974221140146,"w":-0.7541452050209045},"size":0.2079736739397049,"orthographic":false}