{"cameraMode":{"drawMode":0,"name":"Shaded","section":"Shading Mode"},"sceneLighting":true,"audioPlay":false,"sceneViewState":{"showFog":true,"showMaterialUpdate":true,"showSkybox":true,"showFlares":true,"showImageEffects":true,"showParticleSystems":true},"in2DMode":false,"pivot":{"x":0.34763020277023318,"y":-15.766256332397461,"z":7.22780704498291},"rotation":{"x":-0.5715533494949341,"y":0.0012308545410633088,"z":-0.0008570780628360808,"w":-0.8205634951591492},"size":45.560726165771487,"orthographic":false}